{"cameraMode":{"drawMode":0,"name":"Shaded","section":"Shading Mode"},"sceneLighting":false,"audioPlay":false,"sceneViewState":{"m_AlwaysRefresh":false,"showFog":true,"showSkybox":true,"showFlares":true,"showImageEffects":true,"showParticleSystems":true,"showVisualEffectGraphs":true,"m_FxEnabled":true},"in2DMode":false,"pivot":{"x":-145.01206970214845,"y":6.6839823722839359,"z":56.885162353515628},"rotation":{"x":-0.07096785306930542,"y":0.922956109046936,"z":-0.20688797533512116,"w":-0.3167835474014282},"size":0.007905385456979275,"orthographic":false}