{"cameraMode":{"drawMode":0,"name":"Shaded","section":"Shading Mode"},"sceneLighting":false,"audioPlay":false,"sceneViewState":{"m_AlwaysRefresh":false,"showFog":true,"showSkybox":true,"showFlares":true,"showImageEffects":true,"showParticleSystems":true,"showVisualEffectGraphs":true,"m_FxEnabled":true},"in2DMode":false,"pivot":{"x":1447.518798828125,"y":242.20120239257813,"z":446.9322204589844},"rotation":{"x":0.0017173803644254804,"y":0.9977772831916809,"z":0.02844434790313244,"w":-0.060244690626859668},"size":0.21203333139419557,"orthographic":false}