{"cameraMode":{"drawMode":0,"name":"Shaded","section":"Shading Mode"},"sceneLighting":false,"audioPlay":false,"sceneViewState":{"m_AlwaysRefresh":false,"showFog":true,"showSkybox":true,"showFlares":true,"showImageEffects":true,"showParticleSystems":true,"showVisualEffectGraphs":true,"m_FxEnabled":true},"in2DMode":false,"pivot":{"x":-121.3371810913086,"y":-1.572454810142517,"z":66.26492309570313},"rotation":{"x":0.011599738150835038,"y":-0.7110227346420288,"z":0.01173313520848751,"w":0.7029830813407898},"size":0.0009381551644764841,"orthographic":false}