{"cameraMode":{"drawMode":0,"name":"Shaded","section":"Shading Mode"},"sceneLighting":false,"audioPlay":false,"sceneViewState":{"m_AlwaysRefresh":false,"showFog":true,"showSkybox":true,"showFlares":true,"showImageEffects":true,"showParticleSystems":true,"showVisualEffectGraphs":true,"m_FxEnabled":true},"in2DMode":false,"pivot":{"x":372.07843017578127,"y":469.9136657714844,"z":427.8199462890625},"rotation":{"x":0.014123308472335339,"y":-0.982951283454895,"z":0.1621617078781128,"w":0.08576515316963196},"size":0.002865166636183858,"orthographic":false}