{"cameraMode":{"drawMode":0,"name":"Shaded","section":"Shading Mode"},"sceneLighting":false,"audioPlay":false,"sceneViewState":{"m_AlwaysRefresh":false,"showFog":true,"showSkybox":true,"showFlares":true,"showImageEffects":true,"showParticleSystems":true,"showVisualEffectGraphs":true,"m_FxEnabled":true},"in2DMode":false,"pivot":{"x":-143.34011840820313,"y":7.819494247436523,"z":53.07936096191406},"rotation":{"x":0.07849406450986862,"y":-0.8134409189224243,"z":0.11297149956226349,"w":0.565159797668457},"size":0.00013815512647852302,"orthographic":false}