{"cameraMode":{"drawMode":0,"name":"Shaded","section":"Shading Mode"},"sceneLighting":true,"audioPlay":false,"sceneViewState":{"m_AlwaysRefresh":false,"showFog":true,"showSkybox":true,"showFlares":true,"showImageEffects":true,"showParticleSystems":true,"showVisualEffectGraphs":true,"m_FxEnabled":true},"in2DMode":false,"pivot":{"x":765.6719360351563,"y":688.30419921875,"z":-106.48289489746094},"rotation":{"x":0.004490187391638756,"y":0.06595143675804138,"z":-0.00029678360442630947,"w":0.9978128671646118},"size":352.01708984375,"orthographic":true}