{"cameraMode":{"drawMode":0,"name":"Shaded","section":"Shading Mode"},"sceneLighting":false,"audioPlay":false,"sceneViewState":{"m_AlwaysRefresh":false,"showFog":true,"showSkybox":true,"showFlares":true,"showImageEffects":true,"showParticleSystems":true,"showVisualEffectGraphs":true,"m_FxEnabled":true},"in2DMode":false,"pivot":{"x":-134.64036560058595,"y":7.40224552154541,"z":46.526023864746097},"rotation":{"x":0.11135294288396836,"y":-0.787919819355011,"z":0.14949066936969758,"w":0.5869008898735046},"size":0.00016184485866688192,"orthographic":false}