{"cameraMode":{"drawMode":0,"name":"Shaded","section":"Shading Mode"},"sceneLighting":false,"audioPlay":false,"sceneViewState":{"m_AlwaysRefresh":false,"showFog":true,"showSkybox":true,"showFlares":true,"showImageEffects":true,"showParticleSystems":true,"showVisualEffectGraphs":true,"m_FxEnabled":true},"in2DMode":false,"pivot":{"x":-133.98988342285157,"y":12.492050170898438,"z":58.518882751464847},"rotation":{"x":-0.16563419997692109,"y":0.6789791584014893,"z":-0.16142912209033967,"w":-0.696783185005188},"size":0.002436972688883543,"orthographic":false}