{"cameraMode":{"drawMode":0,"name":"Shaded","section":"Shading Mode"},"sceneLighting":false,"audioPlay":false,"sceneViewState":{"m_AlwaysRefresh":false,"showFog":true,"showSkybox":false,"showFlares":true,"showImageEffects":true,"showParticleSystems":true,"showVisualEffectGraphs":true,"m_FxEnabled":true},"in2DMode":false,"pivot":{"x":-143.89999389648438,"y":5.076082229614258,"z":47.400001525878909},"rotation":{"x":0.022893451154232026,"y":0.9459701776504517,"z":-0.3161109983921051,"w":0.06850825995206833},"size":6.391119003295898,"orthographic":true}